Country,Happiness Rank,Happiness Score,Standard Error,Economy (GDP per Capita),Family,Health (Life Expectancy),Freedom,Trust (Government Corruption),Generosity,Dystopia Residual,Region,Year,Happiness.Rank,Happiness.Score,Economy..GDP.per.Capita.,Health..Life.Expectancy.,Trust..Government.Corruption.,Dystopia.Residual,Overall rank,Country or region,Score,GDP per capita,Social support,Healthy life expectancy,Freedom to make life choices,Perceptions of corruption
Switzerland,1.0,7.587,0.03411,1.39651,1.34951,0.94143,0.66557,0.41978,0.29678,2.51738,Unknown,2015,,,,,,,,,,,,,,
Iceland,2.0,7.561,0.04884,1.30232,1.40223,0.94784,0.62877,0.14145,0.4363,2.70201,Unknown,2015,,,,,,,,,,,,,,
Denmark,3.0,7.527,0.03328,1.32548,1.36058,0.87464,0.64938,0.48357,0.34139,2.49204,Unknown,2015,,,,,,,,,,,,,,
Norway,4.0,7.522,0.0388,1.459,1.33095,0.88521,0.66973,0.36503,0.34699,2.46531,Unknown,2015,,,,,,,,,,,,,,
Canada,5.0,7.427,0.03553,1.32629,1.32261,0.90563,0.63297,0.32957,0.45811,2.45176,Unknown,2015,,,,,,,,,,,,,,
Finland,6.0,7.406,0.0314,1.29025,1.31826,0.88911,0.64169,0.41372,0.23351,2.61955,Unknown,2015,,,,,,,,,,,,,,
Netherlands,7.0,7.378,0.02799,1.32944,1.28017,0.89533,0.61772,0.31814,0.4761,2.4657,Unknown,2015,,,,,,,,,,,,,,
Sweden,8.0,7.364,0.03157,1.33171,1.28907,0.91087,0.6598,0.43844,0.36262,2.37119,Unknown,2015,,,,,,,,,,,,,,
New Zealand,9.0,7.286,0.03371,1.25018,1.31967,0.90837,0.63938,0.60824,0.42922,2.26425,Unknown,2015,,,,,,,,,,,,,,
Australia,10.0,7.284,0.04083,1.33358,1.30923,0.93156,0.65124,0.35637,0.43562,2.26646,Unknown,2015,,,,,,,,,,,,,,
Israel,11.0,7.278,0.0347,1.22857,1.22393,0.91387,0.60804,0.30658,0.37577,2.59693,Unknown,2015,,,,,,,,,,,,,,
Costa Rica,12.0,7.226,0.04454,0.95578,1.23788,0.86027,0.63274,0.6009,0.15718,2.80826,Unknown,2015,,,,,,,,,,,,,,
Austria,13.0,7.2,0.03693,1.33723,1.29704,0.89042,0.6385,0.41404,0.2861,2.25883,Unknown,2015,,,,,,,,,,,,,,
Mexico,14.0,7.187,0.04176,1.02054,1.16766,0.7342,0.55132,0.1842,0.22393,3.29676,Unknown,2015,,,,,,,,,,,,,,
United States,15.0,7.119,0.03839,1.39451,1.24711,0.86179,0.54604,0.40105,0.14924,2.51011,Unknown,2015,,,,,,,,,,,,,,
Brazil,16.0,6.983,0.04076,0.98124,1.23287,0.69702,0.49049,0.17521,0.17521,3.23657,Unknown,2015,,,,,,,,,,,,,,
Luxembourg,17.0,6.946,0.03499,1.56391,1.21726,0.91894,0.61583,0.39055,0.28034,2.00959,Unknown,2015,,,,,,,,,,,,,,
Ireland,18.0,6.94,0.03676,1.33596,1.36948,0.89647,0.61777,0.45901,0.4526,1.85177,Unknown,2015,,,,,,,,,,,,,,
Belgium,19.0,6.937,0.03595,1.30782,1.28566,0.89667,0.60835,0.31467,0.22837,2.27488,Unknown,2015,,,,,,,,,,,,,,
United Arab Emirates,20.0,6.901,0.03729,1.42727,1.12575,0.80925,0.64157,0.38465,0.26428,2.24812,Unknown,2015,,,,,,,,,,,,,,
United Kingdom,21.0,6.867,0.01866,1.26637,1.28548,0.90943,0.59625,0.44417,0.27752,2.07966,Unknown,2015,,,,,,,,,,,,,,
Oman,22.0,6.853,0.05098,1.36011,1.08182,0.76276,0.63274,0.32524,0.21542,2.47678,Unknown,2015,,,,,,,,,,,,,,
Venezuela,23.0,6.81,0.06476,1.04424,1.25596,0.57717,0.43673,0.12294,0.16184,3.19131,Unknown,2015,,,,,,,,,,,,,,
Singapore,24.0,6.798,0.04627,1.52186,1.02,0.86384,0.64498,0.50381,0.31581,1.88501,Unknown,2015,,,,,,,,,,,,,,
Panama,25.0,6.786,0.05208,1.06353,1.27583,0.77899,0.52805,0.37626,0.09806,2.58756,Unknown,2015,,,,,,,,,,,,,,
Germany,26.0,6.75,0.01848,1.32792,1.29937,0.89166,0.61478,0.40961,0.21843,2.00877,Unknown,2015,,,,,,,,,,,,,,
Chile,27.0,6.67,0.0544,1.10715,1.12447,0.78989,0.54555,0.33363,0.20646,2.5527,Unknown,2015,,,,,,,,,,,,,,
Qatar,28.0,6.611,0.06257,1.69042,1.0786,0.79733,0.64045,0.52208,0.32573,1.55674,Unknown,2015,,,,,,,,,,,,,,
France,29.0,6.575,0.03512,1.27778,1.26038,0.87867,0.55011,0.23534,0.20646,2.10427,Unknown,2015,,,,,,,,,,,,,,
Argentina,30.0,6.574,0.05498,1.05351,1.24823,0.78723,0.44974,0.18226,0.07993,2.83667,Unknown,2015,,,,,,,,,,,,,,
Czech Republic,31.0,6.505,0.04168,1.17898,1.20643,0.83242,0.57281,0.2734,0.10686,2.28443,Unknown,2015,,,,,,,,,,,,,,
Uruguay,32.0,6.485,0.04539,1.06166,1.18996,0.7481,0.45492,0.45181,0.23027,2.32142,Unknown,2015,,,,,,,,,,,,,,
Colombia,33.0,6.477,0.05051,0.91861,1.24018,0.59448,0.43196,0.53556,0.07887,2.76999,Unknown,2015,,,,,,,,,,,,,,
Thailand,34.0,6.455,0.0365,0.9669,1.26504,0.67072,0.50218,0.54406,0.23608,2.27073,Unknown,2015,,,,,,,,,,,,,,
Saudi Arabia,35.0,6.411,0.04633,1.39541,1.08393,0.72025,0.3313,0.31707,0.16205,2.43872,Unknown,2015,,,,,,,,,,,,,,
Spain,36.0,6.329,0.05111,1.23011,1.31379,0.88559,0.50163,0.29654,0.11423,1.9695,Unknown,2015,,,,,,,,,,,,,,
Malta,37.0,6.302,0.04812,1.20228,1.30944,0.80077,0.56226,0.4845,0.24817,1.68894,Unknown,2015,,,,,,,,,,,,,,
Taiwan,38.0,6.298,0.03537,1.29098,1.07617,0.85398,0.56843,0.33789,0.14615,2.07988,Unknown,2015,,,,,,,,,,,,,,
Kuwait,39.0,6.295,0.0456,1.55422,1.03637,0.7645,0.36495,0.27222,0.19422,2.07602,Unknown,2015,,,,,,,,,,,,,,
Suriname,40.0,6.269,0.09548,1.04556,1.19847,0.69042,0.52036,0.55694,0.15183,2.05476,Unknown,2015,,,,,,,,,,,,,,
Trinidad and Tobago,41.0,6.168,0.08312,1.21183,1.189,0.64551,0.43546,0.44582,0.17217,2.08978,Unknown,2015,,,,,,,,,,,,,,
El Salvador,42.0,6.13,0.06588,0.75066,1.18148,0.68693,0.38562,0.44876,0.11776,2.58166,Unknown,2015,,,,,,,,,,,,,,
Guatemala,43.0,6.123,0.07305,0.74301,1.04782,0.63554,0.39493,0.5677,0.10692,2.6342,Unknown,2015,,,,,,,,,,,,,,
Uzbekistan,44.0,6.003,0.05208,0.63244,1.34367,0.59772,0.31463,0.22521,0.30826,2.60407,Unknown,2015,,,,,,,,,,,,,,
Slovakia,45.0,5.995,0.04243,1.16891,1.26661,0.77637,0.55073,0.24659,0.10905,1.83516,Unknown,2015,,,,,,,,,,,,,,
Ecuador,46.0,5.975,0.05466,0.86402,1.17462,0.7108,0.44888,0.42705,0.18072,2.17383,Unknown,2015,,,,,,,,,,,,,,
Bahrain,47.0,5.96,0.06384,1.32886,1.03188,0.6612,0.47375,0.3194,0.23402,1.89601,Unknown,2015,,,,,,,,,,,,,,
Bolivia,48.0,5.89,0.0754,0.65454,1.11734,0.57816,0.40498,0.40448,0.09029,2.6249,Unknown,2015,,,,,,,,,,,,,,
Malaysia,49.0,5.77,0.0411,1.12486,1.1224,0.7004,0.53087,0.43614,0.14825,1.74581,Unknown,2015,,,,,,,,,,,,,,
Poland,50.0,5.791,0.04263,1.12555,1.18782,0.77903,0.57144,0.34148,0.15566,1.60162,Unknown,2015,,,,,,,,,,,,,,
South Korea,51.0,5.984,0.03682,1.24461,0.95774,0.91777,0.32078,0.07857,0.18488,2.26694,Unknown,2015,,,,,,,,,,,,,,
Moldova,52.0,5.889,0.05321,0.59448,1.0153,0.61826,0.25856,0.21063,0.18226,3.06913,Unknown,2015,,,,,,,,,,,,,,
Lithuania,53.0,5.833,0.04093,1.14723,1.25733,0.73128,0.52208,0.29929,0.08999,1.7536,Unknown,2015,,,,,,,,,,,,,,
Belarus,54.0,5.813,0.03782,1.03192,1.30676,0.73045,0.34119,0.15884,0.17402,2.00513,Unknown,2015,,,,,,,,,,,,,,
Russia,55.0,5.716,0.03135,1.13764,1.23617,0.66926,0.53206,0.20418,0.05148,1.84545,Unknown,2015,,,,,,,,,,,,,,
Hungary,56.0,5.693,0.06052,1.12094,1.19422,0.7393,0.44974,0.26373,0.14823,1.77699,Unknown,2015,,,,,,,,,,,,,,
Latvia,57.0,5.592,0.0464,1.11312,1.20302,0.71517,0.45644,0.2734,0.11486,1.69942,Unknown,2015,,,,,,,,,,,,,,
Serbia,58.0,5.551,0.04394,0.94692,1.20719,0.6588,0.33673,0.25951,0.12154,2.00616,Unknown,2015,,,,,,,,,,,,,,
Kazakhstan,59.0,5.507,0.04273,1.12254,1.22388,0.65459,0.38368,0.2506,0.10454,1.79099,Unknown,2015,,,,,,,,,,,,,,
Romania,60.0,5.5,0.05247,1.04982,1.14362,0.67583,0.44974,0.23226,0.09625,1.82654,Unknown,2015,,,,,,,,,,,,,,
Cyprus,61.0,5.498,0.06363,1.24684,1.00781,0.80118,0.51479,0.27638,0.10886,1.52257,Unknown,2015,,,,,,,,,,,,,,
Kosovo,62.0,5.488,0.05111,0.80139,1.08253,0.61023,0.25803,0.22539,0.07612,2.43526,Unknown,2015,,,,,,,,,,,,,,
Vietnam,63.0,5.36,0.05141,0.63216,1.17472,0.57554,0.41364,0.55069,0.07173,1.91749,Unknown,2015,,,,,,,,,,,,,,
Turkey,64.0,5.332,0.04348,1.06098,1.06746,0.64559,0.27943,0.25946,0.10259,1.85044,Unknown,2015,,,,,,,,,,,,,,
Kyrgyzstan,65.0,5.286,0.04835,0.47428,1.15115,0.58855,0.24923,0.32624,0.22362,2.27615,Unknown,2015,,,,,,,,,,,,,,
Nigeria,66.0,5.268,0.04722,0.65435,1.22788,0.16339,0.37574,0.40576,0.26613,2.1519,Unknown,2015,,,,,,,,,,,,,,
Bhutan,67.0,5.253,0.05783,0.77042,1.10395,0.57407,0.37545,0.3274,0.13994,1.94941,Unknown,2015,,,,,,,,,,,,,,
Azerbaijan,68.0,5.212,0.05184,1.02389,1.08569,0.62545,0.18052,0.15554,0.10709,2.01906,Unknown,2015,,,,,,,,,,,,,,
Pakistan,69.0,5.194,0.0478,0.59543,0.41411,0.40219,0.37542,0.28525,0.10895,3.09067,Unknown,2015,,,,,,,,,,,,,,
Jordan,70.0,5.192,0.06064,0.90198,1.14614,0.64727,0.33475,0.23726,0.0839,1.83565,Unknown,2015,,,,,,,,,,,,,,
Belarus,71.0,5.813,0.03782,1.03192,1.30676,0.73045,0.34119,0.15884,0.17402,2.00513,Unknown,2015,,,,,,,,,,,,,,
Morocco,72.0,5.013,0.05045,0.73479,0.93183,0.60954,0.35674,0.21342,0.09179,2.05766,Unknown,2015,,,,,,,,,,,,,,
Macedonia,73.0,4.989,0.05671,0.91832,1.06053,0.63721,0.24479,0.35416,0.10826,1.58513,Unknown,2015,,,,,,,,,,,,,,
Indonesia,74.0,5.399,0.04149,0.82827,1.08072,0.61483,0.45556,0.59813,0.11788,1.66098,Unknown,2015,,,,,,,,,,,,,,
Laos,75.0,4.876,0.06739,0.59676,0.81776,0.45557,0.35379,0.38074,0.14234,1.8863,Unknown,2015,,,,,,,,,,,,,,
South Africa,76.0,4.642,0.04906,0.92049,1.18468,0.27373,0.37107,0.22019,0.07928,1.58614,Unknown,2015,,,,,,,,,,,,,,
China,77.0,5.14,0.02424,0.89012,1.02433,0.81658,0.25082,0.1045,0.07897,2.00136,Unknown,2015,,,,,,,,,,,,,,
Algeria,78.0,5.605,0.05444,1.05266,1.20138,0.61503,0.27334,0.17233,0.0791,2.17406,Unknown,2015,,,,,,,,,,,,,,
Albania,79.0,4.959,0.05015,0.87867,0.80434,0.81325,0.35733,0.16574,0.06413,1.84412,Unknown,2015,,,,,,,,,,,,,,
Lebanon,80.0,4.839,0.06614,1.02564,0.98124,0.5314,0.17517,0.21878,0.14723,1.74451,Unknown,2015,,,,,,,,,,,,,,
Egypt,81.0,4.194,0.05195,0.8527,0.99355,0.57032,0.27199,0.29012,0.11375,1.11786,Unknown,2015,,,,,,,,,,,,,,
India,82.0,4.565,0.02043,0.64499,0.38174,0.51529,0.46466,0.38004,0.07566,2.06965,Unknown,2015,,,,,,,,,,,,,,
Senegal,83.0,4.681,0.0581,0.36498,1.10243,0.43048,0.23027,0.32552,0.16228,2.09234,Unknown,2015,,,,,,,,,,,,,,
Cameroon,84.0,4.252,0.07564,0.49049,1.12193,0.22152,0.24924,0.20854,0.14862,1.78567,Unknown,2015,,,,,,,,,,,,,,
Ghana,85.0,4.633,0.06509,0.57006,1.01526,0.38015,0.2568,0.31968,0.18291,1.87528,Unknown,2015,,,,,,,,,,,,,,
Zimbabwe,86.0,4.61,0.04204,0.271,1.17265,0.17801,0.12388,0.14534,0.10447,2.69035,Unknown,2015,,,,,,,,,,,,,,
Iraq,87.0,4.677,0.07556,1.07745,0.9038,0.53099,0.14685,0.1618,0.04261,1.87564,Unknown,2015,,,,,,,,,,,,,,
Philippines,88.0,5.073,0.04756,0.70532,1.22898,0.49347,0.45107,0.5518,0.12007,1.59021,Unknown,2015,,,,,,,,,,,,,,
Ethiopia,89.0,4.512,0.05481,0.19073,1.07064,0.38126,0.20564,0.36698,0.12285,2.20652,Unknown,2015,,,,,,,,,,,,,,
Bangladesh,90.0,4.694,0.05397,0.39753,0.63244,0.49476,0.53024,0.4089,0.19881,2.04775,Unknown,2015,,,,,,,,,,,,,,
Uganda,91.0,3.931,0.07521,0.23501,1.14294,0.20586,0.11736,0.37192,0.18081,1.632,Unknown,2015,,,,,,,,,,,,,,
Zambia,92.0,4.291,0.07381,0.47038,1.07726,0.28564,0.22252,0.31617,0.16869,1.74281,Unknown,2015,,,,,,,,,,,,,,
Nepal,93.0,4.514,0.05961,0.35997,0.92621,0.49397,0.25208,0.36062,0.19273,1.95588,Unknown,2015,,,,,,,,,,,,,,
Kenya,94.0,4.419,0.05889,0.36471,1.08706,0.36933,0.23616,0.37182,0.15089,1.85765,Unknown,2015,,,,,,,,,,,,,,
Mozambique,95.0,4.971,0.07068,0.08308,1.02626,0.24326,0.09447,0.25962,0.1048,3.14513,Unknown,2015,,,,,,,,,,,,,,
Myanmar,96.0,4.307,0.06408,0.27108,0.70905,0.45956,0.41477,0.44027,0.11279,1.90478,Unknown,2015,,,,,,,,,,,,,,
Cambodia,97.0,3.907,0.06167,0.46038,0.73498,0.50521,0.31483,0.42889,0.15945,1.28289,Unknown,2015,,,,,,,,,,,,,,
Tanzania,98.0,3.781,0.07192,0.28526,1.15174,0.32443,0.09566,0.35815,0.22519,1.36305,Unknown,2015,,,,,,,,,,,,,,
Iran,99.0,4.686,0.0442,1.09249,0.90347,0.6748,0.198,0.17877,0.07845,1.58042,Unknown,2015,,,,,,,,,,,,,,
Niger,100.0,3.845,0.0688,0.0694,1.05766,0.17417,0.1506,0.2853,0.13764,1.94601,Unknown,2015,,,,,,,,,,,,,,
Yemen,101.0,4.077,0.07566,0.54649,0.88129,0.35971,0.07916,0.11693,0.06582,2.0889,Unknown,2015,,,,,,,,,,,,,,
Haiti,102.0,4.518,0.10166,0.26673,0.74302,0.20411,0.17335,0.46187,0.16208,2.50879,Unknown,2015,,,,,,,,,,,,,,
Liberia,103.0,3.819,0.07723,0.08727,0.93855,0.18415,0.17839,0.38226,0.25803,1.72896,Unknown,2015,,,,,,,,,,,,,,
Tunisia,104.0,5.029,0.04993,0.93384,0.78335,0.62879,0.27399,0.19534,0.1064,2.10017,Unknown,2015,,,,,,,,,,,,,,
Madagascar,105.0,3.681,0.05996,0.17461,0.96101,0.42197,0.07765,0.36147,0.11347,1.57026,Unknown,2015,,,,,,,,,,,,,,
Burundi,106.0,2.905,0.08658,0.0153,0.41587,0.22396,0.14195,0.11587,0.10854,1.83302,Unknown,2015,,,,,,,,,,,,,,
Central African Republic,107.0,3.678,0.06533,0.0,0.0,0.01803,0.18922,0.20308,0.05565,2.39926,Unknown,2015,,,,,,,,,,,,,,
Sudan,108.0,3.961,0.08025,0.52107,0.8217,0.25834,0.10614,0.1346,0.076,2.035,Unknown,2015,,,,,,,,,,,,,,
Togo,109.0,3.186,0.06468,0.20817,0.53501,0.2152,0.12898,0.22661,0.0998,1.7992,Unknown,2015,,,,,,,,,,,,,,
Afghanistan,110.0,3.575,0.03084,0.31982,0.30285,0.30335,0.23414,0.09719,0.09327,2.17916,Unknown,2015,,,,,,,,,,,,,,
Rwanda,111.0,3.465,0.03464,0.22208,0.7737,0.36923,0.59201,0.55191,0.55191,0.67042,Unknown,2015,,,,,,,,,,,,,,
Benin,112.0,3.34,0.07614,0.28665,0.35386,0.3191,0.26673,0.16388,0.08188,1.63328,Unknown,2015,,,,,,,,,,,,,,
Syria,113.0,3.006,0.07916,0.6632,0.47489,0.40676,0.04987,0.45197,0.0444,1.02585,Unknown,2015,,,,,,,,,,,,,,
Malawi,114.0,3.667,0.07367,0.01604,0.63728,0.22531,0.07676,0.44362,0.15404,2.0817,Unknown,2015,,,,,,,,,,,,,,
Denmark,1.0,7.526,,1.44178,1.16374,0.79504,0.57941,0.44453,0.36171,2.73939,,2016,,,,,,,,,,,,,,
Switzerland,2.0,7.509,,1.52733,1.14524,0.86303,0.64497,0.41372,0.28583,2.69463,,2016,,,,,,,,,,,,,,
Iceland,3.0,7.501,,1.42666,1.18326,0.86733,0.56624,0.14524,0.47954,2.83137,,2016,,,,,,,,,,,,,,
Norway,4.0,7.498,,1.57744,1.1269,0.79579,0.59609,0.35776,0.37895,2.66465,,2016,,,,,,,,,,,,,,
Finland,5.0,7.413,,1.40598,1.13464,0.81091,0.6415,0.41372,0.27355,2.73137,,2016,,,,,,,,,,,,,,
Canada,6.0,7.404,,1.44015,1.0961,0.8276,0.63728,0.32583,0.43887,2.70485,,2016,,,,,,,,,,,,,,
Netherlands,7.0,7.339,,1.46468,1.02912,0.87881,0.60237,0.31814,0.4761,2.45746,,2016,,,,,,,,,,,,,,
New Zealand,8.0,7.334,,1.36166,1.17278,0.91209,0.61523,0.58445,0.40672,2.26425,,2016,,,,,,,,,,,,,,
Australia,9.0,7.313,,1.39451,1.18468,0.93956,0.61723,0.35637,0.43562,2.26646,,2016,,,,,,,,,,,,,,
Sweden,10.0,7.291,,1.3782,1.17405,0.91087,0.66273,0.43844,0.37262,2.07119,,2016,,,,,,,,,,,,,,
Israel,11.0,7.267,,1.22857,1.22393,0.91387,0.60804,0.30658,0.37577,2.59693,,2016,,,,,,,,,,,,,,
Austria,12.0,7.119,,1.33723,1.29704,0.89042,0.6385,0.41404,0.2861,2.09883,,2016,,,,,,,,,,,,,,
United States,13.0,7.104,,1.39451,1.24711,0.86179,0.54604,0.40105,0.14924,2.51011,,2016,,,,,,,,,,,,,,
Costa Rica,14.0,7.087,,0.95578,1.23788,0.86027,0.63274,0.6009,0.15718,2.80826,,2016,,,,,,,,,,,,,,
Puerto Rico,15.0,7.039,,1.3598,1.08098,0.832,0.60365,0.46262,0.09517,2.63728,,2016,,,,,,,,,,,,,,
Germany,16.0,6.994,,1.32792,1.29937,0.89166,0.61478,0.40961,0.21843,2.00877,,2016,,,,,,,,,,,,,,
Brazil,17.0,6.952,,0.98124,1.23287,0.69702,0.49049,0.17521,0.17521,3.23657,,2016,,,,,,,,,,,,,,
Belgium,18.0,6.929,,1.30782,1.28566,0.89667,0.60835,0.31467,0.22837,2.27488,,2016,,,,,,,,,,,,,,
Ireland,19.0,6.907,,1.33596,1.36948,0.89647,0.61777,0.45901,0.4526,1.85177,,2016,,,,,,,,,,,,,,
Luxembourg,20.0,6.871,,1.56391,1.21726,0.91894,0.61583,0.39055,0.28034,1.82959,,2016,,,,,,,,,,,,,,
Mexico,21.0,6.778,,1.02054,1.16766,0.7342,0.55132,0.1842,0.22393,3.04768,,2016,,,,,,,,,,,,,,
Singapore,22.0,6.739,,1.52186,1.02,0.86384,0.64498,0.50381,0.31581,1.88501,,2016,,,,,,,,,,,,,,
Czech Republic,23.0,6.596,,1.17898,1.20643,0.83242,0.57281,0.2734,0.10686,2.28443,,2016,,,,,,,,,,,,,,
United Arab Emirates,24.0,6.573,,1.42727,1.12575,0.80925,0.64157,0.38465,0.26428,1.92086,,2016,,,,,,,,,,,,,,
Malta,25.0,6.488,,1.20228,1.30944,0.80077,0.56226,0.4845,0.24817,1.58394,,2016,,,,,,,,,,,,,,
United Kingdom,26.0,6.725,,1.26637,1.28548,0.90943,0.59625,0.44417,0.27752,2.07966,,2016,,,,,,,,,,,,,,
Taiwan,27.0,6.379,,1.29098,1.07617,0.85398,0.56843,0.33789,0.14615,2.07988,,2016,,,,,,,,,,,,,,
Chile,28.0,6.705,,1.10715,1.12447,0.78989,0.54555,0.33363,0.20646,2.5527,,2016,,,,,,,,,,,,,,
Panama,29.0,6.701,,1.06353,1.27583,0.77899,0.52805,0.37626,0.09806,2.58756,,2016,,,,,,,,,,,,,,
Argentina,30.0,6.65,,1.05351,1.24823,0.78723,0.44974,0.18226,0.07993,2.83667,,2016,,,,,,,,,,,,,,
Venezuela,31.0,6.084,,1.04424,1.25596,0.57717,0.43673,0.12294,0.16184,3.19131,,2016,,,,,,,,,,,,,,
Spain,32.0,6.361,,1.23011,1.31379,0.88559,0.50163,0.29654,0.11423,1.9695,,2016,,,,,,,,,,,,,,
Slovakia,33.0,6.078,,1.16891,1.26661,0.77637,0.55073,0.24659,0.10905,1.83516,,2016,,,,,,,,,,,,,,
South Korea,34.0,5.835,,1.24461,0.95774,0.91777,0.32078,0.07857,0.18488,2.26694,,2016,,,,,,,,,,,,,,
Uruguay,35.0,6.545,,1.06166,1.18996,0.7481,0.45492,0.45181,0.23027,2.32142,,2016,,,,,,,,,,,,,,
Colombia,36.0,6.481,,0.91861,1.24018,0.59448,0.43196,0.53556,0.07887,2.76999,,2016,,,,,,,,,,,,,,
Thailand,37.0,6.474,,0.9669,1.26504,0.67072,0.50218,0.54406,0.23608,2.27073,,2016,,,,,,,,,,,,,,
Saudi Arabia,38.0,6.344,,1.39541,1.08393,0.72025,0.3313,0.31707,0.16205,2.43872,,2016,,,,,,,,,,,,,,
Poland,39.0,5.835,,1.12555,1.18782,0.77903,0.57144,0.34148,0.15566,1.60162,,2016,,,,,,,,,,,,,,
Lithuania,40.0,5.833,,1.14723,1.25733,0.73128,0.52208,0.29929,0.08999,1.7536,,2016,,,,,,,,,,,,,,
Ecuador,41.0,5.981,,0.86402,1.17462,0.7108,0.44888,0.42705,0.18072,2.17383,,2016,,,,,,,,,,,,,,
Bahrain,42.0,6.088,,1.32886,1.03188,0.6612,0.47375,0.3194,0.23402,1.89601,,2016,,,,,,,,,,,,,,
Bolivia,43.0,5.822,,0.65454,1.11734,0.57816,0.40498,0.40448,0.09029,2.6249,,2016,,,,,,,,,,,,,,
Indonesia,44.0,5.314,,0.82827,1.08072,0.61483,0.45556,0.59813,0.11788,1.66098,,2016,,,,,,,,,,,,,,
Turkmenistan,45.0,5.658,,0.95847,1.24769,0.63552,0.20458,0.277,0.2839,2.0436,,2016,,,,,,,,,,,,,,
Malaysia,46.0,6.005,,1.12486,1.1224,0.7004,0.53087,0.43614,0.14825,1.74581,,2016,,,,,,,,,,,,,,
Latvia,47.0,5.56,,1.11312,1.20302,0.71517,0.45644,0.2734,0.11486,1.69942,,2016,,,,,,,,,,,,,,
Romania,48.0,5.528,,1.04982,1.14362,0.67583,0.44974,0.23226,0.09625,1.82654,,2016,,,,,,,,,,,,,,
Hungary,49.0,5.145,,1.12094,1.19422,0.7393,0.44974,0.26373,0.14823,1.77699,,2016,,,,,,,,,,,,,,
Nicaragua,50.0,5.992,,0.62524,1.14021,0.63212,0.43574,0.49508,0.08078,2.57932,,2016,,,,,,,,,,,,,,
Russia,51.0,5.856,,1.13764,1.23617,0.66926,0.53206,0.20418,0.05148,1.84545,,2016,,,,,,,,,,,,,,
Vietnam,52.0,5.061,,0.63216,1.17472,0.57554,0.41364,0.55069,0.07173,1.91749,,2016,,,,,,,,,,,,,,
Philippines,53.0,5.073,,0.70532,1.22898,0.49347,0.45107,0.5518,0.12007,1.59021,,2016,,,,,,,,,,,,,,
Kazakhstan,54.0,5.919,,1.12254,1.22388,0.65459,0.38368,0.2506,0.10454,1.79099,,2016,,,,,,,,,,,,,,
China,55.0,5.245,,0.89012,1.02433,0.81658,0.25082,0.1045,0.07897,2.00136,,2016,,,,,,,,,,,,,,
Pakistan,56.0,5.03,,0.59543,0.41411,0.40219,0.37542,0.28525,0.10895,3.09067,,2016,,,,,,,,,,,,,,
Nigeria,57.0,4.875,,0.65435,1.22788,0.16339,0.37574,0.40576,0.26613,2.1519,,2016,,,,,,,,,,,,,,
Nepal,58.0,4.793,,0.35997,0.92621,0.49397,0.25208,0.36062,0.19273,1.95588,,2016,,,,,,,,,,,,,,
Bangladesh,59.0,4.643,,0.39753,0.63244,0.49476,0.53024,0.4089,0.19881,2.04775,,2016,,,,,,,,,,,,,,
India,60.0,4.404,,0.64499,0.38174,0.51529,0.46466,0.38004,0.07566,2.06965,,2016,,,,,,,,,,,,,,
Myanmar,61.0,4.395,,0.27108,0.70905,0.45956,0.41477,0.44027,0.11279,1.90478,,2016,,,,,,,,,,,,,,
Cambodia,62.0,3.907,,0.46038,0.73498,0.50521,0.31483,0.42889,0.15945,1.28289,,2016,,,,,,,,,,,,,,
Ghana,63.0,4.633,,0.57006,1.01526,0.38015,0.2568,0.31968,0.18291,1.87528,,2016,,,,,,,,,,,,,,
Ivory Coast,64.0,4.87,,0.64478,1.09494,0.2143,0.38698,0.27745,0.15065,2.12419,,2016,,,,,,,,,,,,,,
Ethiopia,65.0,4.286,,0.19073,1.07064,0.38126,0.20564,0.36698,0.12285,2.20652,,2016,,,,,,,,,,,,,,
Kenya,66.0,4.356,,0.36471,1.08706,0.36933,0.23616,0.37182,0.15089,1.85765,,2016,,,,,,,,,,,,,,
Uganda,67.0,3.739,,0.23501,1.14294,0.20586,0.11736,0.37192,0.18081,1.632,,2016,,,,,,,,,,,,,,
Tanzania,68.0,3.666,,0.28526,1.15174,0.32443,0.09566,0.35815,0.22519,1.36305,,2016,,,,,,,,,,,,,,
Rwanda,69.0,3.515,,0.22208,0.7737,0.36923,0.59201,0.55191,0.55191,0.67042,,2016,,,,,,,,,,,,,,
Burundi,70.0,2.905,,0.0153,0.41587,0.22396,0.14195,0.11587,0.10854,1.83302,,2016,,,,,,,,,,,,,,
Central African Republic,71.0,3.476,,0.0,0.0,0.01803,0.18922,0.20308,0.05565,2.39926,,2016,,,,,,,,,,,,,,
Afghanistan,72.0,3.36,,0.31982,0.30285,0.30335,0.23414,0.09719,0.09327,2.17916,,2016,,,,,,,,,,,,,,
Togo,73.0,3.303,,0.20817,0.53501,0.2152,0.12898,0.22661,0.0998,1.7992,,2016,,,,,,,,,,,,,,
Syria,74.0,3.069,,0.6632,0.47489,0.40676,0.04987,0.45197,0.0444,1.02585,,2016,,,,,,,,,,,,,,
Benin,75.0,3.484,,0.28665,0.35386,0.3191,0.26673,0.16388,0.08188,1.63328,,2016,,,,,,,,,,,,,,
Norway,,,,,1.533524,,0.635423,,0.315796,,,2017,1.0,7.537,1.616463,0.796667,0.362012,2.277027,,,,,,,,
Denmark,,,,,1.551122,,0.626007,,0.40077,,,2017,2.0,7.522,1.482383,0.792566,0.35528,2.313707,,,,,,,,
Iceland,,,,,1.610574,,0.627163,,0.153527,,,2017,3.0,7.504,1.480633,0.833552,0.47554,2.322715,,,,,,,,
Switzerland,,,,,1.516912,,0.620071,,0.367007,,,2017,4.0,7.494,1.56498,0.858131,0.290549,2.276716,,,,,,,,
Finland,,,,,1.540247,,0.617951,,0.382612,,,2017,5.0,7.469,1.443572,0.809158,0.245483,2.430182,,,,,,,,
Netherlands,,,,,1.428939,,0.576561,,0.467835,,,2017,6.0,7.377,1.503945,0.880764,0.299357,2.294804,,,,,,,,
Canada,,,,,1.481349,,0.611101,,0.285564,,,2017,7.0,7.316,1.479204,0.834558,0.43554,2.189561,,,,,,,,
New Zealand,,,,,1.548195,,0.623476,,0.389073,,,2017,8.0,7.314,1.405706,0.90738,0.586398,2.050045,,,,,,,,
Australia,,,,,1.510042,,0.628136,,0.444285,,,2017,9.0,7.284,1.484415,0.943062,0.396573,2.177195,,,,,,,,
Sweden,,,,,1.478162,,0.639788,,0.36233,,,2017,10.0,7.284,1.494387,0.910296,0.390562,2.108742,,,,,,,,
Israel,,,,,1.363828,,0.601707,,0.305956,,,2017,11.0,7.213,1.244616,0.908307,0.315175,2.4733,,,,,,,,
Costa Rica,,,,,1.242092,,0.703628,,0.176613,,,2017,12.0,7.079,0.998528,0.8332,0.5538,2.572012,,,,,,,,
Austria,,,,,1.327439,,0.619454,,0.308909,,,2017,13.0,7.006,1.396164,0.895007,0.397951,2.067535,,,,,,,,
United States,,,,,1.225229,,0.546977,,0.177862,,,2017,14.0,6.993,1.546492,0.862205,0.422268,2.211733,,,,,,,,
Ireland,,,,,1.459606,,0.613553,,0.447203,,,2017,15.0,6.977,1.454627,0.896624,0.449043,1.658462,,,,,,,,
Germany,,,,,1.322788,,0.60554,,0.220811,,,2017,16.0,6.951,1.3889,0.895576,0.415846,2.101616,,,,,,,,
Belgium,,,,,1.288258,,0.612035,,0.231428,,,2017,17.0,6.891,1.363478,0.896765,0.324208,2.174879,,,,,,,,
Luxembourg,,,,,1.237003,,0.611953,,0.261826,,,2017,18.0,6.863,1.603904,0.918949,0.385024,1.84392,,,,,,,,
United Kingdom,,,,,1.300519,,0.59606,,0.266919,,,2017,19.0,6.714,1.343936,0.909296,0.455891,1.841561,,,,,,,,
Chile,,,,,1.195704,,0.56334,,0.207063,,,2017,20.0,6.652,1.211903,0.817762,0.3148,2.341755,,,,,,,,
United Arab Emirates,,,,,1.147614,,0.64536,,0.264014,,,2017,21.0,6.648,1.46901,0.808736,0.383477,1.928928,,,,,,,,
Brazil,,,,,1.432095,,0.487498,,0.076552,,,2017,22.0,6.635,1.024451,0.68249,0.217736,2.714814,,,,,,,,
Czech Republic,,,,,1.265028,,0.608089,,0.113614,,,2017,23.0,6.609,1.244736,0.840665,0.261524,2.275631,,,,,,,,
Argentina,,,,,1.307948,,0.449929,,0.073992,,,2017,24.0,6.599,1.093191,0.786093,0.190852,2.697229,,,,,,,,
Mexico,,,,,1.225907,,0.514398,,0.101659,,,2017,25.0,6.578,1.042936,0.77469,0.220165,2.697789,,,,,,,,
Singapore,,,,,1.101985,,0.636628,,0.278011,,,2017,26.0,6.572,1.55277,0.963827,0.506046,1.532761,,,,,,,,
Malta,,,,,1.302831,,0.615,,0.248067,,,2017,27.0,6.527,1.274399,0.87789,0.438091,1.771231,,,,,,,,
Uruguay,,,,,1.243685,,0.452553,,0.231219,,,2017,28.0,6.454,1.06894,0.764727,0.431847,2.262018,,,,,,,,
Colombia,,,,,1.260258,,0.431356,,0.087449,,,2017,29.0,6.357,0.942694,0.633441,0.534694,2.467699,,,,,,,,
Thailand,,,,,1.294892,,0.534938,,0.204163,,,2017,30.0,6.424,0.9853,0.660864,0.57583,2.167651,,,,,,,,
Slovakia,,,,,1.267291,,0.573047,,0.094862,,,2017,31.0,6.198,1.221007,0.760178,0.261376,2.020424,,,,,,,,
South Korea,,,,,0.953164,,0.346474,,0.185683,,,2017,32.0,5.838,1.246876,0.942818,0.075988,2.087581,,,,,,,,
Bolivia,,,,,1.117341,,0.40498,,0.090294,,,2017,33.0,5.823,0.656,0.578158,0.40448,2.6249,,,,,,,,
Spain,,,,,1.313978,,0.52458,,0.124416,,,2017,34.0,6.403,1.248088,0.885604,0.295698,2.01062,,,,,,,,
Hungary,,,,,1.239505,,0.448886,,0.121891,,,2017,35.0,5.324,1.145289,0.741882,0.263843,1.363016,,,,,,,,
Poland,,,,,1.228574,,0.587616,,0.128965,,,2017,36.0,5.973,1.151205,0.816791,0.33415,1.726093,,,,,,,,
Russia,,,,,1.236428,,0.532003,,0.05148,,,2017,37.0,5.963,1.156994,0.65364,0.204384,2.168182,,,,,,,,
China,,,,,1.08846,,0.250684,,0.078971,,,2017,38.0,5.273,0.910726,0.816421,0.10452,2.023938,,,,,,,,
Indonesia,,,,,1.118247,,0.449958,,0.127876,,,2017,39.0,5.262,0.85531,0.622397,0.614131,1.474561,,,,,,,,
Vietnam,,,,,1.195467,,0.421268,,0.071729,,,2017,40.0,5.074,0.741016,0.588489,0.552189,1.504004,,,,,,,,
Malaysia,,,,,1.121401,,0.530874,,0.148253,,,2017,41.0,5.864,1.121844,0.700405,0.436135,1.745817,,,,,,,,
Pakistan,,,,,0.454383,,0.375422,,0.108955,,,2017,42.0,5.269,0.535524,0.40219,0.285252,3.09067,,,,,,,,
Nigeria,,,,,1.2254,,0.3686,,0.25242,,,2017,43.0,5.074,0.680906,0.16354,0.40526,1.97785,,,,,,,,
India,,,,,0.381743,,0.46465,,0.07566,,,2017,44.0,4.315,0.644995,0.515286,0.380041,1.855956,,,,,,,,
Bangladesh,,,,,0.632436,,0.530241,,0.198813,,,2017,45.0,4.608,0.397525,0.494765,0.4089,1.946141,,,,,,,,
Nepal,,,,,0.92621,,0.25208,,0.192732,,,2017,46.0,4.514,0.35997,0.49397,0.360624,1.930014,,,,,,,,
Kenya,,,,,1.08706,,0.23616,,0.150893,,,2017,47.0,4.553,0.36773,0.369329,0.371819,1.972052,,,,,,,,
Ghana,,,,,1.015261,,0.2568,,0.182914,,,2017,48.0,4.72,0.570057,0.380153,0.319682,1.995416,,,,,,,,
Ethiopia,,,,,1.070636,,0.205637,,0.122845,,,2017,49.0,4.46,0.190725,0.381261,0.366978,2.121962,,,,,,,,
Uganda,,,,,1.14294,,0.117355,,0.180813,,,2017,50.0,3.986,0.235006,0.20586,0.37192,1.731765,,,,,,,,
Myanmar,,,,,0.768832,,0.425282,,0.10904,,,2017,51.0,4.545,0.275283,0.481543,0.45472,2.03096,,,,,,,,
Cambodia,,,,,0.734979,,0.31483,,0.15945,,,2017,52.0,3.907,0.460378,0.505208,0.428888,1.28289,,,,,,,,
Tanzania,,,,,1.151738,,0.09566,,0.22519,,,2017,53.0,3.349,0.285262,0.324427,0.358154,0.90829,,,,,,,,
Burundi,,,,,0.415866,,0.141948,,0.10854,,,2017,54.0,2.905,0.0153,0.223963,0.115872,1.89997,,,,,,,,
Central African Republic,,,,,0.0,,0.189219,,0.05565,,,2017,55.0,3.678,0.0,0.018032,0.203083,2.399262,,,,,,,,
Rwanda,,,,,0.711954,,0.55491,,0.217914,,,2017,56.0,3.471,0.332365,0.614562,0.55191,0.488838,,,,,,,,
Afghanistan,,,,,0.30274,,0.234135,,0.093274,,,2017,57.0,3.794,0.317267,0.30267,0.097191,2.347922,,,,,,,,
Syria,,,,,0.474887,,0.049873,,0.044404,,,2017,58.0,3.462,0.663243,0.406762,0.451966,1.372816,,,,,,,,
South Sudan,,,,,0.601323,,0.147062,,0.282492,,,2017,59.0,3.591,0.397249,0.163486,0.116794,2.483547,,,,,,,,
Togo,,,,,0.535014,,0.128979,,0.099801,,,2017,60.0,3.495,0.208174,0.2152,0.226611,2.08152,,,,,,,,
Benin,,,,,0.353859,,0.266726,,0.081881,,,2017,61.0,3.657,0.286651,0.319103,0.16388,2.18502,,,,,,,,
,,,,,,,,,0.393,,,2018,,,,,,,1.0,Finland,7.632,1.305,1.592,0.874,0.681,0.202
,,,,,,,,,0.34,,,2018,,,,,,,2.0,Norway,7.594,1.456,1.582,0.861,0.686,0.286
,,,,,,,,,0.4,,,2018,,,,,,,3.0,Denmark,7.555,1.351,1.59,0.868,0.683,0.284
,,,,,,,,,0.138,,,2018,,,,,,,4.0,Iceland,7.495,1.343,1.644,0.914,0.677,0.353
,,,,,,,,,0.357,,,2018,,,,,,,5.0,Switzerland,7.487,1.42,1.549,0.927,0.66,0.256
,,,,,,,,,0.295,,,2018,,,,,,,6.0,Netherlands,7.441,1.361,1.488,0.878,0.638,0.333
,,,,,,,,,0.5,,,2018,,,,,,,7.0,Canada,7.328,1.33,1.562,0.848,0.63,0.291
,,,,,,,,,0.558,,,2018,,,,,,,8.0,New Zealand,7.324,1.268,1.601,0.876,0.695,0.389
,,,,,,,,,0.422,,,2018,,,,,,,9.0,Sweden,7.314,1.355,1.501,0.882,0.662,0.292
,,,,,,,,,0.444,,,2018,,,,,,,10.0,Australia,7.272,1.34,1.573,0.91,0.647,0.322
,,,,,,,,,0.434,,,2018,,,,,,,11.0,Israel,7.19,1.177,1.401,0.931,0.567,0.303
,,,,,,,,,0.403,,,2018,,,,,,,12.0,Austria,7.139,1.341,1.363,0.891,0.63,0.241
,,,,,,,,,0.143,,,2018,,,,,,,13.0,Costa Rica,7.143,0.976,1.296,0.798,0.705,0.559
,,,,,,,,,0.523,,,2018,,,,,,,14.0,Ireland,6.977,1.448,1.583,0.875,0.611,0.337
,,,,,,,,,0.383,,,2018,,,,,,,15.0,Germany,6.965,1.34,1.474,0.861,0.586,0.274
,,,,,,,,,0.272,,,2018,,,,,,,16.0,Belgium,6.927,1.305,1.401,0.885,0.578,0.262
,,,,,,,,,0.297,,,2018,,,,,,,17.0,Luxembourg,6.91,1.574,1.478,0.882,0.619,0.269
,,,,,,,,,0.449,,,2018,,,,,,,18.0,United States,6.886,1.398,1.471,0.819,0.547,0.133
,,,,,,,,,0.498,,,2018,,,,,,,19.0,United Kingdom,6.814,1.301,1.488,0.877,0.59,0.327
,,,,,,,,,0.278,,,2018,,,,,,,20.0,United Arab Emirates,6.774,1.426,1.263,0.791,0.65,0.33
,,,,,,,,,0.331,,,2018,,,,,,,21.0,Czech Republic,6.711,1.269,1.487,0.779,0.587,0.021
,,,,,,,,,0.434,,,2018,,,,,,,22.0,Malta,6.627,1.27,1.452,0.852,0.638,0.278
,,,,,,,,,0.386,,,2018,,,,,,,23.0,France,6.489,1.324,1.472,0.882,0.556,0.183
,,,,,,,,,0.213,,,2018,,,,,,,24.0,Mexico,6.488,1.07,1.323,0.726,0.547,0.071
,,,,,,,,,0.246,,,2018,,,,,,,25.0,Taiwan,6.441,1.368,1.205,0.87,0.521,0.208
,,,,,,,,,0.31,,,2018,,,,,,,26.0,Chile,6.476,1.181,1.345,0.78,0.552,0.165
,,,,,,,,,0.283,,,2018,,,,,,,27.0,Panama,6.43,1.133,1.439,0.733,0.577,0.022
,,,,,,,,,0.137,,,2018,,,,,,,28.0,Brazil,6.3,1.026,1.401,0.663,0.454,0.041
,,,,,,,,,0.191,,,2018,,,,,,,29.0,Argentina,6.388,1.092,1.432,0.747,0.481,0.057
,,,,,,,,,0.126,,,2018,,,,,,,30.0,Guatemala,6.382,0.797,1.29,0.601,0.607,0.181
,,,,,,,,,0.295,,,2018,,,,,,,31.0,Uruguay,6.379,1.124,1.465,0.766,0.554,0.304
,,,,,,,,,0.072,,,2018,,,,,,,32.0,Colombia,6.26,0.985,1.373,0.623,0.505,0.03
,,,,,,,,,0.249,,,2018,,,,,,,33.0,Thailand,6.072,1.01,1.409,0.726,0.574,0.041
,,,,,,,,,0.241,,,2018,,,,,,,34.0,Slovakia,6.198,1.246,1.418,0.775,0.58,0.044
,,,,,,,,,0.173,,,2018,,,,,,,35.0,El Salvador,6.167,0.794,1.336,0.654,0.511,0.056
,,,,,,,,,0.187,,,2018,,,,,,,36.0,Trinidad and Tobago,6.192,1.231,1.477,0.654,0.488,0.086
,,,,,,,,,0.268,,,2018,,,,,,,37.0,Poland,5.991,1.206,1.448,0.776,0.561,0.098
,,,,,,,,,0.243,,,2018,,,,,,,38.0,Uzbekistan,6.096,0.745,1.529,0.627,0.631,0.267
,,,,,,,,,0.119,,,2018,,,,,,,39.0,South Korea,5.875,1.265,1.04,0.853,0.368,0.033
,,,,,,,,,0.118,,,2018,,,,,,,40.0,Nicaragua,6.105,0.694,1.341,0.707,0.536,0.213
,,,,,,,,,0.167,,,2018,,,,,,,41.0,Ecuador,5.891,0.913,1.292,0.659,0.507,0.094
,,,,,,,,,0.146,,,2018,,,,,,,42.0,Kazakhstan,5.931,1.168,1.458,0.706,0.421,0.091
,,,,,,,,,0.062,,,2018,,,,,,,43.0,Bolivia,5.779,0.686,1.319,0.575,0.502,0.128
,,,,,,,,,0.138,,,2018,,,,,,,44.0,Russia,5.81,1.185,1.48,0.64,0.549,0.04
,,,,,,,,,0.213,,,2018,,,,,,,45.0,Kosovo,4.719,0.854,1.261,0.617,0.284,0.048
,,,,,,,,,0.116,,,2018,,,,,,,46.0,Montenegro,5.039,1.051,1.464,0.761,0.428,0.051
,,,,,,,,,0.082,,,2018,,,,,,,47.0,Vietnam,5.175,0.741,1.346,0.741,0.514,0.087
,,,,,,,,,0.314,,,2018,,,,,,,48.0,Malaysia,5.339,1.221,1.292,0.769,0.537,0.089
,,,,,,,,,0.184,,,2018,,,,,,,49.0,Belarus,5.579,1.127,1.465,0.741,0.438,0.07
,,,,,,,,,0.082,,,2018,,,,,,,50.0,Turkey,5.483,1.183,1.347,0.697,0.347,0.011
,,,,,,,,,0.131,,,2018,,,,,,,51.0,Indonesia,5.093,0.931,1.203,0.629,0.491,0.228
,,,,,,,,,0.147,,,2018,,,,,,,52.0,Bulgaria,4.933,1.092,1.513,0.741,0.421,0.046
,,,,,,,,,0.121,,,2018,,,,,,,53.0,China,5.246,1.063,1.229,0.854,0.371,0.091
,,,,,,,,,0.165,,,2018,,,,,,,54.0,Pakistan,5.472,0.617,0.521,0.386,0.464,0.252
,,,,,,,,,0.152,,,2018,,,,,,,55.0,Philippines,5.44,0.769,1.389,0.614,0.517,0.034
,,,,,,,,,0.064,,,2018,,,,,,,56.0,Morocco,5.187,0.778,0.886,0.637,0.313,0.156
,,,,,,,,,0.101,,,2018,,,,,,,57.0,India,4.19,0.755,0.362,0.538,0.449,0.193
,,,,,,,,,0.11,,,2018,,,,,,,58.0,Georgia,4.519,0.905,0.908,0.737,0.418,0.123
,,,,,,,,,0.075,,,2018,,,,,,,59.0,Armenia,4.376,0.85,1.055,0.761,0.322,0.028
,,,,,,,,,0.15,,,2018,,,,,,,60.0,Nigeria,5.155,0.696,1.268,0.237,0.446,0.226
,,,,,,,,,0.14,,,2018,,,,,,,61.0,Nepal,4.88,0.446,0.919,0.576,0.364,0.246
,,,,,,,,,0.073,,,2018,,,,,,,62.0,Ethiopia,4.35,0.338,1.07,0.454,0.329,0.288
,,,,,,,,,0.132,,,2018,,,,,,,63.0,Ghana,4.656,0.611,1.042,0.456,0.302,0.216
,,,,,,,,,0.119,,,2018,,,,,,,64.0,Kenya,4.509,0.476,1.093,0.433,0.283,0.259
,,,,,,,,,0.175,,,2018,,,,,,,65.0,Cameroon,4.252,0.547,1.077,0.26,0.252,0.092
,,,,,,,,,0.13,,,2018,,,,,,,66.0,Uganda,3.819,0.281,1.142,0.308,0.185,0.364
,,,,,,,,,0.075,,,2018,,,,,,,67.0,Mozambique,3.9,0.109,0.99,0.319,0.199,0.27
,,,,,,,,,0.175,,,2018,,,,,,,68.0,Tanzania,3.303,0.321,1.11,0.381,0.119,0.349
,,,,,,,,,0.09,,,2018,,,,,,,69.0,Senegal,4.681,0.391,1.072,0.483,0.29,0.198
,,,,,,,,,0.1,,,2018,,,,,,,70.0,Bangladesh,4.5,0.471,0.682,0.531,0.464,0.197
,,,,,,,,,0.091,,,2018,,,,,,,71.0,Cambodia,4.433,0.574,0.834,0.577,0.367,0.256
,,,,,,,,,0.068,,,2018,,,,,,,72.0,Zimbabwe,3.692,0.295,1.197,0.221,0.203,0.172
,,,,,,,,,0.068,,,2018,,,,,,,73.0,Myanmar,4.308,0.357,0.804,0.555,0.454,0.317
,,,,,,,,,0.097,,,2018,,,,,,,74.0,Liberia,3.975,0.114,0.983,0.268,0.236,0.303
,,,,,,,,,0.108,,,2018,,,,,,,75.0,Mali,4.19,0.287,0.803,0.376,0.244,0.268
,,,,,,,,,0.06,,,2018,,,,,,,76.0,Haiti,3.582,0.301,0.808,0.258,0.242,0.261
,,,,,,,,,0.136,,,2018,,,,,,,77.0,Zambia,3.759,0.578,1.081,0.314,0.222,0.289
,,,,,,,,,0.073,,,2018,,,,,,,78.0,Malawi,3.41,0.181,0.71,0.288,0.219,0.272
,,,,,,,,,0.077,,,2018,,,,,,,79.0,Niger,4.166,0.131,0.895,0.239,0.218,0.261
,,,,,,,,,0.104,,,2018,,,,,,,80.0,Chad,3.936,0.43,0.819,0.249,0.202,0.254
,,,,,,,,,0.059,,,2018,,,,,,,81.0,Yemen,3.355,0.564,0.802,0.344,0.18,0.221
,,,,,,,,,0.112,,,2018,,,,,,,82.0,South Sudan,3.254,0.397,0.603,0.163,0.147,0.118
,,,,,,,,,0.038,,,2018,,,,,,,83.0,Central African Republic,3.083,0.026,0.0,0.013,0.029,0.235
,,,,,,,,,0.555,,,2018,,,,,,,84.0,Rwanda,3.408,0.359,0.711,0.614,0.556,0.217
,,,,,,,,,0.109,,,2018,,,,,,,85.0,Burundi,2.905,0.06,0.428,0.269,0.212,0.09
,,,,,,,,,0.082,,,2018,,,,,,,86.0,Afghanistan,3.203,0.35,0.506,0.361,0.315,0.074
,,,,,,,,,0.078,,,2018,,,,,,,87.0,Togo,3.999,0.286,0.524,0.276,0.275,0.193
,,,,,,,,,0.063,,,2018,,,,,,,88.0,Syria,4.561,0.619,0.378,0.44,0.196,0.321
,,,,,,,,,0.083,,,2018,,,,,,,89.0,Benin,4.141,0.377,0.413,0.377,0.254,0.149
,,,,,,,,,0.153,,,2019,,,,,,,1.0,Finland,7.769,1.34,1.587,0.986,0.596,0.393
,,,,,,,,,0.252,,,2019,,,,,,,2.0,Denmark,7.6,1.383,1.573,0.996,0.592,0.41
,,,,,,,,,0.271,,,2019,,,,,,,3.0,Norway,7.554,1.488,1.582,1.028,0.603,0.341
,,,,,,,,,0.354,,,2019,,,,,,,4.0,Iceland,7.494,1.38,1.624,1.026,0.591,0.118
,,,,,,,,,0.322,,,2019,,,,,,,5.0,Netherlands,7.488,1.396,1.522,0.999,0.557,0.298
,,,,,,,,,0.263,,,2019,,,,,,,6.0,Switzerland,7.48,1.452,1.526,1.052,0.572,0.343
,,,,,,,,,0.267,,,2019,,,,,,,7.0,Sweden,7.343,1.387,1.487,1.009,0.574,0.373
,,,,,,,,,0.33,,,2019,,,,,,,8.0,New Zealand,7.307,1.303,1.557,1.026,0.585,0.585
,,,,,,,,,0.308,,,2019,,,,,,,9.0,Canada,7.278,1.365,1.505,1.039,0.584,0.444
,,,,,,,,,0.244,,,2019,,,,,,,10.0,Austria,7.246,1.376,1.475,1.016,0.532,0.226
,,,,,,,,,0.317,,,2019,,,,,,,11.0,Australia,7.228,1.372,1.548,1.036,0.557,0.444
,,,,,,,,,0.144,,,2019,,,,,,,12.0,Costa Rica,7.167,1.034,1.441,0.963,0.558,0.172
,,,,,,,,,0.082,,,2019,,,,,,,13.0,Israel,7.139,1.276,1.455,1.029,0.371,0.261
,,,,,,,,,0.194,,,2019,,,,,,,14.0,Luxembourg,7.09,1.609,1.479,1.012,0.526,0.261
,,,,,,,,,0.279,,,2019,,,,,,,15.0,United Kingdom,7.054,1.333,1.538,0.996,0.45,0.357
,,,,,,,,,0.298,,,2019,,,,,,,16.0,Ireland,7.021,1.499,1.553,0.999,0.516,0.413
,,,,,,,,,0.265,,,2019,,,,,,,17.0,Germany,6.985,1.373,1.454,0.987,0.495,0.273
,,,,,,,,,0.182,,,2019,,,,,,,18.0,Belgium,6.923,1.356,1.504,1.004,0.473,0.213
,,,,,,,,,0.128,,,2019,,,,,,,19.0,United States,6.892,1.433,1.457,0.874,0.454,0.29
,,,,,,,,,0.046,,,2019,,,,,,,20.0,Czech Republic,6.852,1.269,1.487,0.92,0.457,0.37
,,,,,,,,,0.182,,,2019,,,,,,,21.0,United Arab Emirates,6.825,1.503,1.31,0.825,0.577,0.241
,,,,,,,,,0.225,,,2019,,,,,,,22.0,Malta,6.726,1.3,1.52,0.999,0.564,0.375
,,,,,,,,,0.128,,,2019,,,,,,,23.0,Mexico,6.595,1.07,1.323,0.761,0.383,0.098
,,,,,,,,,0.183,,,2019,,,,,,,24.0,France,6.592,1.324,1.472,1.045,0.436,0.278
,,,,,,,,,0.19,,,2019,,,,,,,25.0,Taiwan,6.446,1.368,1.252,0.914,0.512,0.266
,,,,,,,,,0.134,,,2019,,,,,,,26.0,Chile,6.444,1.159,1.369,0.92,0.357,0.187
,,,,,,,,,0.139,,,2019,,,,,,,27.0,Guatemala,6.436,0.82,1.351,0.735,0.555,0.122
,,,,,,,,,0.073,,,2019,,,,,,,28.0,Saudi Arabia,6.375,1.403,1.357,0.795,0.439,0.133
,,,,,,,,,0.22,,,2019,,,,,,,29.0,Qatar,6.374,1.684,1.313,0.871,0.555,0.098
,,,,,,,,,0.153,,,2019,,,,,,,30.0,Spain,6.354,1.286,1.484,1.062,0.362,0.248
,,,,,,,,,0.028,,,2019,,,,,,,31.0,Panama,6.321,1.149,1.442,0.868,0.486,0.259
,,,,,,,,,0.099,,,2019,,,,,,,32.0,Brazil,6.3,1.004,1.439,0.802,0.39,0.089
,,,,,,,,,0.137,,,2019,,,,,,,33.0,Uruguay,6.293,1.124,1.465,0.891,0.415,0.223
,,,,,,,,,0.436,,,2019,,,,,,,34.0,Singapore,6.262,1.572,1.463,1.141,0.556,0.22
,,,,,,,,,0.072,,,2019,,,,,,,35.0,El Salvador,6.253,0.806,1.362,0.803,0.462,0.1
,,,,,,,,,0.131,,,2019,,,,,,,36.0,Italy,6.223,1.294,1.488,1.039,0.231,0.158
,,,,,,,,,0.13,,,2019,,,,,,,37.0,Bahrain,6.199,1.362,1.25,0.89,0.469,0.228
,,,,,,,,,0.104,,,2019,,,,,,,38.0,Slovakia,6.198,1.246,1.418,0.915,0.467,0.235
,,,,,,,,,0.06,,,2019,,,,,,,39.0,Argentina,6.086,1.092,1.432,0.879,0.369,0.118
,,,,,,,,,0.058,,,2019,,,,,,,40.0,Croatia,6.006,1.155,1.485,0.914,0.296,0.157
,,,,,,,,,0.048,,,2019,,,,,,,41.0,Colombia,5.997,0.985,1.41,0.785,0.454,0.067
,,,,,,,,,0.086,,,2019,,,,,,,42.0,Trinidad and Tobago,6.192,1.231,1.477,0.771,0.448,0.14
,,,,,,,,,0.048,,,2019,,,,,,,43.0,Kosovo,5.096,0.854,1.261,0.73,0.324,0.109
,,,,,,,,,0.044,,,2019,,,,,,,44.0,Thailand,6.008,1.0,1.409,0.766,0.567,0.174
,,,,,,,,,0.137,,,2019,,,,,,,45.0,Uruguay,6.293,1.124,1.465,0.891,0.415,0.223
,,,,,,,,,0.15,,,2019,,,,,,,46.0,Nicaragua,6.105,0.694,1.341,0.791,0.436,0.11
,,,,,,,,,0.128,,,2019,,,,,,,47.0,Bolivia,5.779,0.686,1.319,0.679,0.402,0.069
,,,,,,,,,0.234,,,2019,,,,,,,48.0,Malaysia,5.339,1.221,1.292,0.9,0.465,0.294
,,,,,,,,,0.048,,,2019,,,,,,,49.0,Russia,5.648,1.183,1.451,0.782,0.405,0.143
,,,,,,,,,0.087,,,2019,,,,,,,50.0,Kazakhstan,5.809,1.168,1.458,0.829,0.416,0.148
,,,,,,,,,0.118,,,2019,,,,,,,51.0,Vietnam,5.175,0.741,1.346,0.851,0.543,0.071
,,,,,,,,,0.034,,,2019,,,,,,,52.0,Philippines,5.631,0.757,1.39,0.756,0.462,0.172
,,,,,,,,,0.098,,,2019,,,,,,,53.0,Poland,6.182,1.206,1.448,0.886,0.498,0.219
,,,,,,,,,0.031,,,2019,,,,,,,54.0,South Korea,5.895,1.265,1.067,1.052,0.159,0.086
,,,,,,,,,0.228,,,2019,,,,,,,55.0,Indonesia,5.192,0.931,1.203,0.737,0.491,0.127
,,,,,,,,,0.267,,,2019,,,,,,,56.0,Uzbekistan,6.174,0.745,1.529,0.756,0.631,0.244
,,,,,,,,,0.084,,,2019,,,,,,,57.0,China,5.191,1.029,1.125,0.893,0.521,0.058
,,,,,,,,,0.054,,,2019,,,,,,,58.0,Morocco,5.208,0.836,0.838,0.764,0.35,0.151
,,,,,,,,,0.098,,,2019,,,,,,,59.0,Pakistan,5.653,0.617,0.521,0.614,0.464,0.262
,,,,,,,,,0.193,,,2019,,,,,,,60.0,India,4.015,0.755,0.362,0.626,0.449,0.182
,,,,,,,,,0.071,,,2019,,,,,,,61.0,Turkey,5.373,1.15,1.328,0.854,0.382,0.065
,,,,,,,,,0.12,,,2019,,,,,,,62.0,Georgia,4.286,0.969,0.896,0.851,0.409,0.113
,,,,,,,,,0.083,,,2019,,,,,,,63.0,Armenia,4.559,0.85,1.055,0.823,0.396,0.05
,,,,,,,,,0.226,,,2019,,,,,,,64.0,Nigeria,5.265,0.696,1.268,0.374,0.446,0.096
,,,,,,,,,0.246,,,2019,,,,,,,65.0,Nepal,4.913,0.446,0.919,0.672,0.364,0.221
,,,,,,,,,0.197,,,2019,,,,,,,66.0,Bangladesh,4.456,0.471,0.682,0.613,0.464,0.209
,,,,,,,,,0.216,,,2019,,,,,,,67.0,Ghana,4.996,0.611,1.042,0.573,0.302,0.157
,,,,,,,,,0.259,,,2019,,,,,,,68.0,Kenya,4.509,0.512,1.093,0.526,0.308,0.143
,,,,,,,,,0.288,,,2019,,,,,,,69.0,Ethiopia,4.286,0.338,1.07,0.535,0.329,0.209
,,,,,,,,,0.364,,,2019,,,,,,,70.0,Uganda,4.166,0.281,1.142,0.374,0.185,0.175
,,,,,,,,,0.092,,,2019,,,,,,,71.0,Cameroon,4.252,0.547,1.077,0.427,0.252,0.138
,,,,,,,,,0.27,,,2019,,,,,,,72.0,Mozambique,4.466,0.204,0.986,0.402,0.244,0.11
,,,,,,,,,0.317,,,2019,,,,,,,73.0,Myanmar,4.308,0.413,0.804,0.636,0.454,0.163
,,,,,,,,,0.256,,,2019,,,,,,,74.0,Cambodia,4.7,0.574,0.834,0.673,0.547,0.234
,,,,,,,,,0.289,,,2019,,,,,,,75.0,Zambia,4.107,0.578,1.081,0.43,0.222,0.122
,,,,,,,,,0.198,,,2019,,,,,,,76.0,Senegal,4.219,0.391,1.072,0.538,0.29,0.063
,,,,,,,,,0.176,,,2019,,,,,,,77.0,Malawi,3.41,0.181,0.71,0.39,0.219,0.142
,,,,,,,,,0.152,,,2019,,,,,,,78.0,Mali,3.748,0.287,0.803,0.388,0.228,0.117
,,,,,,,,,0.195,,,2019,,,,,,,79.0,Zimbabwe,3.663,0.295,1.197,0.347,0.203,0.08
,,,,,,,,,0.088,,,2019,,,,,,,80.0,Yemen,3.38,0.287,0.78,0.396,0.22,0.076
,,,,,,,,,0.151,,,2019,,,,,,,81.0,Syria,3.462,0.619,0.378,0.465,0.276,0.047
,,,,,,,,,0.231,,,2019,,,,,,,82.0,Liberia,3.975,0.114,0.983,0.372,0.236,0.119
,,,,,,,,,0.212,,,2019,,,,,,,83.0,Chad,3.936,0.43,0.819,0.322,0.154,0.08
,,,,,,,,,0.261,,,2019,,,,,,,84.0,Niger,3.822,0.131,0.895,0.334,0.218,0.167
,,,,,,,,,0.134,,,2019,,,,,,,85.0,Benin,4.141,0.377,0.413,0.412,0.234,0.09
,,,,,,,,,0.181,,,2019,,,,,,,86.0,Togo,3.999,0.286,0.524,0.349,0.235,0.079
,,,,,,,,,0.217,,,2019,,,,,,,87.0,Rwanda,3.334,0.359,0.711,0.614,0.556,0.555
,,,,,,,,,0.343,,,2019,,,,,,,88.0,Tanzania,3.231,0.321,1.11,0.452,0.237,0.203
,,,,,,,,,0.074,,,2019,,,,,,,89.0,Afghanistan,3.203,0.35,0.506,0.361,0.315,0.159
,,,,,,,,,0.235,,,2019,,,,,,,90.0,Central African Republic,3.083,0.026,0.0,0.105,0.225,0.038
,,,,,,,,,0.112,,,2019,,,,,,,91.0,South Sudan,2.853,0.306,0.575,0.295,0.168,0.176
